Project Name,Package Name,Type Name,MethodName,LOC,CC,PC
app,application.controller,Controller,init,36,5,0
app,application.controller,Controller,hideAllMessages,7,1,0
app,application.controller,Controller,aggiungiPersona,18,3,0
app,application.controller,Controller,rimuoviPersona,16,3,0
app,application.controller,Controller,registraVendita,50,6,0
app,application.controller,Controller,registraPagamento,37,4,0
app,application.controller,Controller,registraRifornimento,32,3,0
app,application.controller,Controller,updatePersonaleCB,11,1,0
app,application.controller,Controller,updatePagamentoCB,8,1,0
app,application.controller,Controller,updateVenditeTab,6,2,0
app,application.controller,Controller,updateRifornimentiTab,6,2,0
app,application.controller,Controller,updatePagamentiTab,6,2,0
app,application.controller,Controller,updateDebitiTab,10,3,0
app,application.controller,Controller,updateMagazzinoTab,4,1,1
app,application.controller,Controller,resetVendita,7,1,0
app,application.controller,Controller,resetPagamento,5,1,0
app,application.controller,Controller,resetRifornimento,5,1,0
app,application.controller,Controller,saveAllInFile,2,1,0
app,application,Main,start,19,1,1
app,application,Main,main,3,1,1
app,application,Main,stop,3,1,0
app,application.model,Cassa,Cassa,3,1,0
app,application.model,Cassa,load,16,4,1
app,application.model,Cassa,riceviPagamento,5,2,1
app,application.model,Cassa,effettuaPagamento,5,2,1
app,application.model,Cassa,getDisponibilita,3,1,0
app,application.model,Cassa,toString,3,1,0
app,application.model,Cassa,print,3,1,0
app,application.model.rifornimenti,Magazzino,Magazzino,9,1,0
app,application.model.rifornimenti,Magazzino,getRifornimenti,3,1,0
app,application.model.rifornimenti,Magazzino,load,19,5,1
app,application.model.rifornimenti,Magazzino,numeroCialdeDisponibili,3,1,1
app,application.model.rifornimenti,Magazzino,aggiungiRifornimento,6,2,2
app,application.model.rifornimenti,Magazzino,rimuoviCialde,5,2,2
app,application.model.rifornimenti,Magazzino,print,5,2,0
app,application.model.rifornimenti,Rifornimenti,Rifornimenti,3,1,0
app,application.model.rifornimenti,Rifornimenti,getRifornimenti,3,1,0
app,application.model.rifornimenti,Rifornimenti,load,16,5,1
app,application.model.rifornimenti,Rifornimenti,addRifornimento,3,1,2
app,application.model.rifornimenti,Rifornimenti,print,5,2,0
app,application.model.rifornimenti,Rifornimento,Rifornimento,3,1,2
app,application.model.rifornimenti,Rifornimento,Rifornimento,5,1,3
app,application.model.rifornimenti,Rifornimento,getNumeroScatole,3,1,0
app,application.model.rifornimenti,Rifornimento,getData,3,1,0
app,application.model.rifornimenti,Rifornimento,getEpoch,3,1,0
app,application.model.rifornimenti,Rifornimento,getTipoCialda,3,1,0
app,application.model.utenti,Cliente,Cliente,3,1,1
app,application.model.utenti,Cliente,getNome,3,1,0
app,application.model.utenti,Cliente,equals,6,3,1
app,application.model.utenti,Cliente,hashCode,3,1,0
app,application.model.utenti,PagamentoDebito,PagamentoDebito,3,1,2
app,application.model.utenti,PagamentoDebito,PagamentoDebito,6,2,3
app,application.model.utenti,PagamentoDebito,getPersona,3,1,0
app,application.model.utenti,PagamentoDebito,getAmmontare,3,1,0
app,application.model.utenti,PagamentoDebito,getDate,3,1,0
app,application.model.utenti,PagamentoDebito,getEpoch,3,1,0
app,application.model.utenti,Persona,Persona,4,1,1
app,application.model.utenti,Persona,Persona,4,1,2
app,application.model.utenti,Persona,getNome,3,1,0
app,application.model.utenti,Persona,getDebito,3,1,0
app,application.model.utenti,Persona,aumentaDebito,5,2,1
app,application.model.utenti,Persona,diminuisciDebito,5,2,1
app,application.model.utenti,Persona,toString,3,1,0
app,application.model.utenti,Personale,Personale,4,1,0
app,application.model.utenti,Personale,getPersonale,3,1,0
app,application.model.utenti,Personale,getPagamentiDebito,3,1,0
app,application.model.utenti,Personale,load,23,8,1
app,application.model.utenti,Personale,addPersona,3,1,1
app,application.model.utenti,Personale,removePersona,4,2,1
app,application.model.utenti,Personale,getIndebitati,9,3,0
app,application.model.utenti,Personale,diminuisciDebito,4,2,2
app,application.model.utenti,Personale,print,7,3,0
app,application.model.utenti,Visitatore,Visitatore,3,1,1
app,application.model.vendite,Vendita,Vendita,3,1,4
app,application.model.vendite,Vendita,Vendita,7,1,5
app,application.model.vendite,Vendita,isContanti,3,1,0
app,application.model.vendite,Vendita,getTipoCialda,3,1,0
app,application.model.vendite,Vendita,getQuantita,3,1,0
app,application.model.vendite,Vendita,getCliente,3,1,0
app,application.model.vendite,Vendita,getData,3,1,0
app,application.model.vendite,Vendita,getEpoch,3,1,0
app,application.model.vendite,Vendite,Vendite,3,1,0
app,application.model.vendite,Vendite,getVendite,3,1,0
app,application.model.vendite,Vendite,load,16,5,1
app,application.model.vendite,Vendite,addVendita,3,1,4
app,application.model.vendite,Vendite,addVendita,3,1,5
app,application.model.vendite,Vendite,print,5,2,0
app,application.persistence,CassaDAO,caricaCassa,0,1,0
app,application.persistence,CassaDAO,aggiornaCassa,0,1,1
app,application.persistence,CassaDAOImpl,CassaDAOImpl,3,1,0
app,application.persistence,CassaDAOImpl,createTableIfNeeded,15,2,0
app,application.persistence,CassaDAOImpl,caricaCassa,13,2,0
app,application.persistence,CassaDAOImpl,aggiornaCassa,10,1,1
app,application.persistence,DBManager,getConnection,3,1,0
app,application.persistence,MagazzinoDAO,caricaMagazzino,0,1,0
app,application.persistence,MagazzinoDAO,aggiornaQuantita,0,1,2
app,application.persistence,MagazzinoDAOImpl,MagazzinoDAOImpl,3,1,0
app,application.persistence,MagazzinoDAOImpl,createTableIfNeeded,20,3,0
app,application.persistence,MagazzinoDAOImpl,caricaMagazzino,15,2,0
app,application.persistence,MagazzinoDAOImpl,aggiornaQuantita,11,1,2
app,application.persistence,PagamentoDebitoDAO,caricaPagamenti,0,1,0
app,application.persistence,PagamentoDebitoDAO,salvaPagamento,0,1,1
app,application.persistence,PagamentoDebitoDAOImpl,PagamentoDebitoDAOImpl,3,1,0
app,application.persistence,PagamentoDebitoDAOImpl,createTableIfNeeded,9,1,0
app,application.persistence,PagamentoDebitoDAOImpl,caricaPagamenti,16,2,0
app,application.persistence,PagamentoDebitoDAOImpl,salvaPagamento,12,1,1
app,application.persistence,PersonaleDAO,caricaPersonale,0,1,0
app,application.persistence,PersonaleDAO,salvaPersona,0,1,1
app,application.persistence,PersonaleDAO,aggiornaDebito,0,1,1
app,application.persistence,PersonaleDAO,rimuoviPersona,0,1,1
app,application.persistence,PersonaleDAOImpl,PersonaleDAOImpl,3,1,0
app,application.persistence,PersonaleDAOImpl,createTableIfNeeded,9,1,0
app,application.persistence,PersonaleDAOImpl,caricaPersonale,15,2,0
app,application.persistence,PersonaleDAOImpl,salvaPersona,11,1,1
app,application.persistence,PersonaleDAOImpl,aggiornaDebito,11,1,1
app,application.persistence,PersonaleDAOImpl,rimuoviPersona,10,1,1
app,application.persistence,RifornimentoDAO,caricaRifornimenti,0,1,0
app,application.persistence,RifornimentoDAO,salvaRifornimento,0,1,1
app,application.persistence,RifornimentoDAOImpl,RifornimentoDAOImpl,3,1,0
app,application.persistence,RifornimentoDAOImpl,createTableIfNeeded,9,1,0
app,application.persistence,RifornimentoDAOImpl,caricaRifornimenti,16,2,0
app,application.persistence,RifornimentoDAOImpl,salvaRifornimento,12,1,1
app,application.persistence,VenditaDAO,caricaVendite,0,1,0
app,application.persistence,VenditaDAO,salvaVendita,0,1,1
app,application.persistence,VenditaDAOImpl,VenditaDAOImpl,3,1,0
app,application.persistence,VenditaDAOImpl,createTableIfNeeded,9,1,0
app,application.persistence,VenditaDAOImpl,caricaVendite,18,2,0
app,application.persistence,VenditaDAOImpl,salvaVendita,14,1,1
app,application.utils,Euro,Euro,4,2,2
app,application.utils,Euro,Euro,3,1,1
app,application.utils,Euro,getValore,3,1,0
app,application.utils,Euro,somma,4,1,1
app,application.utils,Euro,sottrai,4,1,1
app,application.utils,Euro,equals,5,3,1
app,application.utils,Euro,toString,3,1,0
app,application.utils,Euro,ugualeA,3,1,1
app,application.utils,Euro,minoreDi,3,1,1
app,application.utils,Utils,resetCialdeCB,4,1,1
app,application.utils,Utils,resetPersonaCB,4,1,2
app,application.utils,Utils,showMessage,5,1,3
app,application.utils,Utils,resetTextField,4,1,2
app,application.utils,Utils,checkNullCialda,7,2,2
app,application.utils,Utils,checkDisponibilitaCialde,7,2,5
app,application.utils,Utils,createVenditeHBox,16,1,1
app,application.utils,Utils,createDebitiHBox,12,1,1
app,application.utils,Utils,createRifornimentiHBox,13,1,1
app,application.utils,Utils,createPagamentoDebitoHBox,11,1,1
app,application.utils,Utils,checkPersonToSell,9,2,5
app,test,TestCassa,setUp,3,1,0
app,test,TestCassa,testVuotaOnCreate,3,1,0
app,test,TestCassa,testEffettuaPagamentoSuperiore,3,1,0
app,test,TestCassa,testEffettuaPagamento,4,1,0
app,test,TestCassa,testRiceviPagamento,6,1,1
app,test,TestCassa,testRiceviPagamentoNeg,3,1,1
app,test,TestCassa,testToString,3,1,0
app,test,TestCassa,testPrint,3,1,0
app,test,TestCassa,testLoad,15,1,0
app,test,TestCassa,testLoadFileNotExists,4,1,0
app,test,TestCassa,testLoadFileWithNoCassa,6,1,0
app,test,TestEuro,setUp,4,1,0
app,test,TestEuro,testEuroLongLongAndGetValore,6,1,0
app,test,TestEuro,testEuroNegativoLongLongAndGetValore,6,1,0
app,test,TestEuro,testEuroDoubleAndGetValore,4,1,0
app,test,TestEuro,testSomma,4,1,0
app,test,TestEuro,testSottrai,4,1,0
app,test,TestEuro,testUgualeAvero,4,1,0
app,test,TestEuro,testUgualeAfalso,3,1,0
app,test,TestEuro,testMinoreDiVero,3,1,0
app,test,TestEuro,testMinoreDiFalso,3,1,0
app,test,TestEuro,testToString,3,1,0
app,test,TestEuro,testEqualsNull,3,1,0
app,test,TestEuro,testEqualsNotInstance,3,1,0
app,test,TestEuro,testEquals,3,1,0
app,test,TestMagazzino,setUp,3,1,0
app,test,TestMagazzino,testVuotoOnCreate,3,1,1
app,test,TestMagazzino,testNumeroCialdeDisponibili,3,1,1
app,test,TestMagazzino,testAggiungiRifornimento,4,1,1
app,test,TestMagazzino,testAggiungiRifornimentoNeg,3,1,1
app,test,TestMagazzino,testRimuoviCialde,5,1,1
app,test,TestMagazzino,testRimuoviCialdeNeg,3,1,1
app,test,TestMagazzino,testGetRifornimentiSize,6,1,1
app,test,TestMagazzino,testLoad,17,1,0
app,test,TestMagazzino,testLoadFileNotExists,6,2,0
app,test,TestMagazzino,testLoadFileWithNoRifornimenti,8,2,0
app,test,TestPagamentoDebito,setUp,4,1,0
app,test,TestPagamentoDebito,testPagamentoDebitoFuturo,10,1,0
app,test,TestPagamentoDebito,testGetPersona,4,1,0
app,test,TestPagamentoDebito,testGetAmmontare,4,1,0
app,test,TestPagamentoDebito,testGetDate,3,1,0
app,test,TestPagamentoDebito,testGetEpoch,3,1,0
app,test,TestPersona,setUp,4,1,0
app,test,TestPersona,testGetNome,3,1,0
app,test,TestPersona,testPersonaStringEuroPos,4,1,0
app,test,TestPersona,testPersonaStringEuroNeg,5,1,0
app,test,TestPersona,testGetDebito,3,1,0
app,test,TestPersona,testAumentaDebitoPos,5,1,0
app,test,TestPersona,testAumentaDebitoNeg,3,1,0
app,test,TestPersona,testDiminuisciDebitoPos,5,1,0
app,test,TestPersona,testDiminuisciDebitoNeg,3,1,0
app,test,TestPersona,testToString,3,1,0
app,test,TestPersona,testSort,5,1,0
app,test,TestPersona,testEquals,4,1,0
app,test,TestPersona,testNotInstance,3,1,0
app,test,TestPersona,testEqualName,3,1,0
app,test,TestPersona,testDifferentName,3,1,0
app,test,TestPersona,testHashCode,3,1,0
app,test,TestPersonale,setUp,6,1,0
app,test,TestPersonale,testGetPersonale,3,1,0
app,test,TestPersonale,testGetIndebitatiSize,6,2,0
app,test,TestPersonale,testGetIndebitatiDebito,8,3,0
app,test,TestPersonale,testAddPersonaTrue,3,1,0
app,test,TestPersonale,testAddPersonaFalse,3,1,0
app,test,TestPersonale,testRemovePersonaTrue,3,1,0
app,test,TestPersonale,testRemovePersonaFalse,8,2,0
app,test,TestPersonale,testDiminuisciDebitoTrue,7,2,0
app,test,TestPersonale,testDiminuisciDebitoFalseAmmontareMaggioreDebito,6,2,0
app,test,TestPersonale,testDiminuisciDebito,9,3,0
app,test,TestPersonale,testDiminuisciDebitoSize,7,2,0
app,test,TestPersonale,testLoad,20,2,0
app,test,TestPersonale,testLoadFileNotExists,5,1,0
app,test,TestPersonale,testLoadFileWithNoRifornimenti,7,1,0
app,test,TestRifornimenti,setUp,7,2,0
app,test,TestRifornimenti,testGetRifornimentiByTipoCialda,6,2,0
app,test,TestRifornimenti,testGetRifornimentiSize,3,1,0
app,test,TestRifornimenti,testLoad,15,1,0
app,test,TestRifornimenti,testLoadFileNotExists,4,1,0
app,test,TestRifornimenti,testLoadFileWithNoRifornimenti,5,1,0
app,test,TestRifornimento,testCostruttoreConData,4,1,1
app,test,TestRifornimento,testGetNumeroScatole,4,1,1
app,test,TestRifornimento,testGetData,4,1,1
app,test,TestRifornimento,testGetTipoCialda,4,1,1
app,test,TestRifornimento,testGetEpoch,4,1,1
app,test,TestVendita,setUp,4,1,0
app,test,TestVendita,TestIsContanti,4,1,0
app,test,TestVendita,TestGetTc,4,1,0
app,test,TestVendita,TestGetQuantita,4,1,0
app,test,TestVendita,TestGetCliente,4,1,0
app,test,TestVendita,TestGetData,3,1,0
app,test,TestVendita,TestGetEpoch,3,1,0
app,test,TestVendite,setUp,7,1,0
app,test,TestVendite,TestVenditeIsEmpty,3,1,0
app,test,TestVendite,TestVenditeIsNotEmpty,3,1,0
app,test,TestVendite,testLoad,14,1,0
app,test,TestVendite,testLoadFileNotExists,5,1,0
app,test,TestVendite,TestAddVenditaSize,6,1,1
app,test,TestVendite,TestAddVenditaByGetCliente,6,1,1
app,test,TestVendite,testPrintEmpty,3,1,0
app,test,TestVendite,testPrint,4,1,0
app,test,TestVisitatore,setUp,3,1,0
app,test,TestVisitatore,testGetNome,3,1,0
app,test,TestVisitatore,testEquals,4,1,0
app,test,TestVisitatore,testNotInstance,3,1,0
app,test,TestVisitatore,testEqualName,3,1,0
app,test,TestVisitatore,testDifferentName,3,1,0
app,test,TestVisitatore,testHashCode,3,1,0
